epoch,accuracy,dice_coef,loss,lr,recall
0,0.2820316255092621,0.6102877259254456,-0.6102569699287415,1e-04,0.6384558081626892
